,State,District,Crop,Area (Hectare),TotalDistrictArea,TopTwoCropArea,TopTwoCropAreaPercent
0,Bihar, ARARIA,Moong(Green Gram),1724.0,3906.0,3178.0,0.8136200716845878
1,Bihar, ARARIA,Horse-gram,1454.0,3906.0,3178.0,0.8136200716845878
2,Bihar, ARWAL,Arhar/Tur,451.0,642.0,509.0,0.7928348909657321
3,Bihar, ARWAL,Sesamum,58.0,642.0,509.0,0.7928348909657321
4,Bihar, AURANGABAD,Sugarcane,895.0,1310.0,1296.0,0.9893129770992366
5,Bihar, AURANGABAD,Arhar/Tur,401.0,1310.0,1296.0,0.9893129770992366
6,Bihar, BANKA,Sugarcane,3256.0,5532.0,4043.0,0.7308387563268257
7,Bihar, BANKA,Horse-gram,787.0,5532.0,4043.0,0.7308387563268257
8,Bihar, BEGUSARAI,Sugarcane,6256.0,8461.0,7197.0,0.8506086750975062
9,Bihar, BEGUSARAI,Urad,941.0,8461.0,7197.0,0.8506086750975062
10,Bihar, BHAGALPUR,Sugarcane,6607.0,12372.0,9378.0,0.7580019398642095
11,Bihar, BHAGALPUR,Urad,2771.0,12372.0,9378.0,0.7580019398642095
12,Bihar, BHOJPUR,Arhar/Tur,1632.0,4724.0,2970.0,0.6287044877222693
13,Bihar, BHOJPUR,Bajra,1338.0,4724.0,2970.0,0.6287044877222693
14,Bihar, BUXAR,Bajra,3371.0,5991.0,5021.0,0.8380904690368887
15,Bihar, BUXAR,Jowar,1650.0,5991.0,5021.0,0.8380904690368887
16,Bihar, DARBHANGA,Sugarcane,1443.0,2562.0,2162.0,0.843871975019516
17,Bihar, DARBHANGA,Ragi,719.0,2562.0,2162.0,0.843871975019516
18,Bihar, GAYA,Arhar/Tur,1040.0,4570.0,1940.0,0.424507658643326
19,Bihar, GAYA,Small millets,900.0,4570.0,1940.0,0.424507658643326
20,Bihar, GOPALGANJ,Sugarcane,30872.0,32722.0,31952.0,0.9764684310249985
21,Bihar, GOPALGANJ,Arhar/Tur,1080.0,32722.0,31952.0,0.9764684310249985
22,Bihar, JAMUI,Sugarcane,2390.0,3125.0,2997.0,0.95904
23,Bihar, JAMUI,Horse-gram,607.0,3125.0,2997.0,0.95904
24,Bihar, JEHANABAD,Sugarcane,202.0,418.0,347.0,0.8301435406698564
25,Bihar, JEHANABAD,Arhar/Tur,145.0,418.0,347.0,0.8301435406698564
26,Bihar, KAIMUR BHABUA,Arhar/Tur,1937.0,2298.0,2254.0,0.9808529155787642
27,Bihar, KAIMUR BHABUA,Sugarcane,317.0,2298.0,2254.0,0.9808529155787642
28,Bihar, KATIHAR,Urad,3395.0,6060.0,5322.0,0.8782178217821782
29,Bihar, KATIHAR,Small millets,1927.0,6060.0,5322.0,0.8782178217821782
30,Bihar, KHAGARIA,Urad,2798.0,4633.0,3690.0,0.7964601769911505
31,Bihar, KHAGARIA,Small millets,892.0,4633.0,3690.0,0.7964601769911505
32,Bihar, KISHANGANJ,Moong(Green Gram),788.0,2167.0,1366.0,0.6303645592985695
33,Bihar, KISHANGANJ,Horse-gram,578.0,2167.0,1366.0,0.6303645592985695
34,Bihar, LAKHISARAI,Arhar/Tur,377.0,478.0,437.0,0.9142259414225942
35,Bihar, LAKHISARAI,Sugarcane,60.0,478.0,437.0,0.9142259414225942
36,Bihar, MADHEPURA,Sugarcane,5060.0,6957.0,5758.0,0.8276555986775909
37,Bihar, MADHEPURA,Urad,698.0,6957.0,5758.0,0.8276555986775909
38,Bihar, MADHUBANI,Ragi,2287.0,4411.0,3328.0,0.7544774427567446
39,Bihar, MADHUBANI,Urad,1041.0,4411.0,3328.0,0.7544774427567446
40,Bihar, MUNGER,Horse-gram,409.0,1207.0,675.0,0.5592377796188898
41,Bihar, MUNGER,Sugarcane,266.0,1207.0,675.0,0.5592377796188898
42,Bihar, MUZAFFARPUR,Sugarcane,4952.0,8032.0,6834.0,0.8508466135458167
43,Bihar, MUZAFFARPUR,Arhar/Tur,1882.0,8032.0,6834.0,0.8508466135458167
44,Bihar, NALANDA,Moong(Green Gram),395.0,967.0,687.0,0.7104446742502585
45,Bihar, NALANDA,Arhar/Tur,292.0,967.0,687.0,0.7104446742502585
46,Bihar, NAWADA,Arhar/Tur,1319.0,3381.0,1992.0,0.5891748003549245
47,Bihar, NAWADA,Sugarcane,673.0,3381.0,1992.0,0.5891748003549245
48,Bihar, PASHCHIM CHAMPARAN,Sugarcane,125208.0,130227.0,129719.0,0.9960991192302672
49,Bihar, PASHCHIM CHAMPARAN,Arhar/Tur,4511.0,130227.0,129719.0,0.9960991192302672
50,Bihar, PATNA,Sugarcane,1865.0,2725.0,2713.0,0.9955963302752293
51,Bihar, PATNA,Arhar/Tur,848.0,2725.0,2713.0,0.9955963302752293
52,Bihar, PURBI CHAMPARAN,Sugarcane,16264.0,18891.0,17833.0,0.9439944947329416
53,Bihar, PURBI CHAMPARAN,Arhar/Tur,1569.0,18891.0,17833.0,0.9439944947329416
54,Bihar, PURNIA,Moong(Green Gram),812.0,2044.0,1283.0,0.6276908023483366
55,Bihar, PURNIA,Sugarcane,471.0,2044.0,1283.0,0.6276908023483366
56,Bihar, ROHTAS,Sugarcane,1027.0,1885.0,1523.0,0.8079575596816976
57,Bihar, ROHTAS,Arhar/Tur,496.0,1885.0,1523.0,0.8079575596816976
58,Bihar, SAHARSA,Ragi,874.0,1615.0,1529.0,0.9467492260061919
59,Bihar, SAHARSA,Horse-gram,655.0,1615.0,1529.0,0.9467492260061919
60,Bihar, SAMASTIPUR,Sugarcane,4980.0,11294.0,8248.0,0.7302992739507703
61,Bihar, SAMASTIPUR,Tobacco,3268.0,11294.0,8248.0,0.7302992739507703
62,Bihar, SARAN,Sugarcane,3566.0,4774.0,4297.0,0.9000837871805614
63,Bihar, SARAN,Arhar/Tur,731.0,4774.0,4297.0,0.9000837871805614
64,Bihar, SHEIKHPURA,Sugarcane,739.0,973.0,971.0,0.9979445015416238
65,Bihar, SHEIKHPURA,Arhar/Tur,232.0,973.0,971.0,0.9979445015416238
66,Bihar, SHEOHAR,Sugarcane,3383.0,3841.0,3538.0,0.9211142931528248
67,Bihar, SHEOHAR,Sesamum,155.0,3841.0,3538.0,0.9211142931528248
68,Bihar, SITAMARHI,Sugarcane,21590.0,23216.0,22355.0,0.9629135079255686
69,Bihar, SITAMARHI,Ragi,765.0,23216.0,22355.0,0.9629135079255686
70,Bihar, SIWAN,Sugarcane,5778.0,8233.0,6961.0,0.8454998178063889
71,Bihar, SIWAN,Arhar/Tur,1183.0,8233.0,6961.0,0.8454998178063889
72,Bihar, SUPAUL,Ragi,1427.0,4741.0,2714.0,0.5724530689727906
73,Bihar, SUPAUL,Horse-gram,1287.0,4741.0,2714.0,0.5724530689727906
74,Bihar, VAISHALI,Tobacco,4748.0,6368.0,5461.0,0.8575690954773869
75,Bihar, VAISHALI,Arhar/Tur,713.0,6368.0,5461.0,0.8575690954773869
76,Chhattisgarh, BASTAR,Rice,239376.0,311399.0,259618.0,0.8337149444924358
77,Chhattisgarh, BASTAR,Maize,20242.0,311399.0,259618.0,0.8337149444924358
78,Chhattisgarh, BIJAPUR,Rice,59639.0,63126.0,60341.0,0.9558818870196115
79,Chhattisgarh, BIJAPUR,Maize,702.0,63126.0,60341.0,0.9558818870196115
80,Chhattisgarh, BILASPUR,Rice,329117.0,352146.0,333664.0,0.947516087077519
81,Chhattisgarh, BILASPUR,Arhar/Tur,4547.0,352146.0,333664.0,0.947516087077519
82,Chhattisgarh, DANTEWADA,Rice,137791.0,195945.0,180762.0,0.9225139707571002
83,Chhattisgarh, DANTEWADA,Small millets,42971.0,195945.0,180762.0,0.9225139707571002
84,Chhattisgarh, DHAMTARI,Rice,168855.0,170104.0,169114.0,0.9941800310398344
85,Chhattisgarh, DHAMTARI,Maize,259.0,170104.0,169114.0,0.9941800310398344
86,Chhattisgarh, DURG,Rice,462087.0,513743.0,499385.0,0.9720521739468956
87,Chhattisgarh, DURG,Soyabean,37298.0,513743.0,499385.0,0.9720521739468956
88,Chhattisgarh, JANJGIRCHAMPA,Rice,254778.0,260840.0,256236.0,0.9823493329243981
89,Chhattisgarh, JANJGIRCHAMPA,Urad,1458.0,260840.0,256236.0,0.9823493329243981
90,Chhattisgarh, JASHPUR,Rice,179402.0,240572.0,200766.0,0.8345360224797566
91,Chhattisgarh, JASHPUR,Niger seed,21364.0,240572.0,200766.0,0.8345360224797566
92,Chhattisgarh, KABIRDHAM,Rice,95739.0,158698.0,128423.0,0.8092288497649623
93,Chhattisgarh, KABIRDHAM,Soyabean,32684.0,158698.0,128423.0,0.8092288497649623
94,Chhattisgarh, KANKER,Rice,173596.0,216498.0,189041.0,0.8731766575210856
95,Chhattisgarh, KANKER,Small millets,15445.0,216498.0,189041.0,0.8731766575210856
96,Chhattisgarh, KORBA,Rice,109207.0,131068.0,114684.0,0.8749961851863155
97,Chhattisgarh, KORBA,Horse-gram,5477.0,131068.0,114684.0,0.8749961851863155
98,Chhattisgarh, KOREA,Rice,67867.0,100238.0,76767.0,0.7658472834653525
99,Chhattisgarh, KOREA,Small millets,8900.0,100238.0,76767.0,0.7658472834653525
100,Chhattisgarh, MAHASAMUND,Rice,266738.0,287821.0,276849.0,0.9618790845699237
101,Chhattisgarh, MAHASAMUND,Urad,10111.0,287821.0,276849.0,0.9618790845699237
102,Chhattisgarh, NARAYANPUR,Rice,29917.0,46610.0,33580.0,0.7204462561682042
103,Chhattisgarh, NARAYANPUR,Small millets,3663.0,46610.0,33580.0,0.7204462561682042
104,Chhattisgarh, RAIGARH,Rice,240388.0,284433.0,258504.0,0.9088396915969666
105,Chhattisgarh, RAIGARH,Urad,18116.0,284433.0,258504.0,0.9088396915969666
106,Chhattisgarh, RAIPUR,Rice,545965.0,564967.0,550290.0,0.9740214915207437
107,Chhattisgarh, RAIPUR,Urad,4325.0,564967.0,550290.0,0.9740214915207437
108,Chhattisgarh, RAJNANDGAON,Rice,274412.0,324080.0,295413.0,0.9115434460627005
109,Chhattisgarh, RAJNANDGAON,Soyabean,21001.0,324080.0,295413.0,0.9115434460627005
110,Chhattisgarh, SURGUJA,Rice,302922.0,458000.0,339106.0,0.7404061135371179
111,Chhattisgarh, SURGUJA,Maize,36184.0,458000.0,339106.0,0.7404061135371179
112,Gujarat, AHMADABAD,Rice,103500.0,214200.0,154400.0,0.7208216619981326
113,Gujarat, AHMADABAD,other oilseeds,50900.0,214200.0,154400.0,0.7208216619981326
114,Gujarat, AMRELI,Groundnut,217000.0,255700.0,232600.0,0.9096597575283535
115,Gujarat, AMRELI,Sesamum,15600.0,255700.0,232600.0,0.9096597575283535
116,Gujarat, ANAND,Rice,87700.0,140800.0,115700.0,0.8217329545454546
117,Gujarat, ANAND,Bajra,28000.0,140800.0,115700.0,0.8217329545454546
118,Gujarat, BANAS KANTHA,Bajra,132000.0,385400.0,210200.0,0.5454073689673067
119,Gujarat, BANAS KANTHA,Castor seed,78200.0,385400.0,210200.0,0.5454073689673067
120,Gujarat, BHARUCH,Arhar/Tur,66400.0,127200.0,87200.0,0.6855345911949685
121,Gujarat, BHARUCH,Sugarcane,20800.0,127200.0,87200.0,0.6855345911949685
122,Gujarat, BHAVNAGAR,Groundnut,101700.0,181200.0,147400.0,0.8134657836644592
123,Gujarat, BHAVNAGAR,Bajra,45700.0,181200.0,147400.0,0.8134657836644592
124,Gujarat, DANG,Rice,18000.0,52500.0,28400.0,0.540952380952381
125,Gujarat, DANG,Ragi,10400.0,52500.0,28400.0,0.540952380952381
126,Gujarat, DOHAD,Maize,120000.0,218000.0,155800.0,0.7146788990825688
127,Gujarat, DOHAD,Rice,35800.0,218000.0,155800.0,0.7146788990825688
128,Gujarat, GANDHINAGAR,Castor seed,30300.0,75700.0,46300.0,0.6116248348745046
129,Gujarat, GANDHINAGAR,Rice,16000.0,75700.0,46300.0,0.6116248348745046
130,Gujarat, JAMNAGAR,Groundnut,368700.0,406700.0,375100.0,0.9223014507007622
131,Gujarat, JAMNAGAR,Sesamum,6400.0,406700.0,375100.0,0.9223014507007622
132,Gujarat, JUNAGADH,Groundnut,402100.0,440000.0,411000.0,0.9340909090909091
133,Gujarat, JUNAGADH,Bajra,8900.0,440000.0,411000.0,0.9340909090909091
134,Gujarat, KACHCHH,Moong(Green Gram),89200.0,420200.0,167300.0,0.39814374107567824
135,Gujarat, KACHCHH,Groundnut,78100.0,420200.0,167300.0,0.39814374107567824
136,Gujarat, KHEDA,Rice,87300.0,198300.0,126200.0,0.6364094805849723
137,Gujarat, KHEDA,Bajra,38900.0,198300.0,126200.0,0.6364094805849723
138,Gujarat, MAHESANA,Castor seed,60400.0,158700.0,97100.0,0.6118462507876496
139,Gujarat, MAHESANA,Bajra,36700.0,158700.0,97100.0,0.6118462507876496
140,Gujarat, NARMADA,Arhar/Tur,17900.0,59400.0,29900.0,0.5033670033670034
141,Gujarat, NARMADA,Rice,12000.0,59400.0,29900.0,0.5033670033670034
142,Gujarat, NAVSARI,Rice,62600.0,96200.0,84600.0,0.8794178794178794
143,Gujarat, NAVSARI,Sugarcane,22000.0,96200.0,84600.0,0.8794178794178794
144,Gujarat, PANCH MAHALS,Maize,115100.0,230000.0,185500.0,0.8065217391304348
145,Gujarat, PANCH MAHALS,Rice,70400.0,230000.0,185500.0,0.8065217391304348
146,Gujarat, PATAN,Bajra,51200.0,140800.0,100100.0,0.7109375
147,Gujarat, PATAN,Castor seed,48900.0,140800.0,100100.0,0.7109375
148,Gujarat, PORBANDAR,Groundnut,83100.0,91400.0,89200.0,0.975929978118162
149,Gujarat, PORBANDAR,other oilseeds,6100.0,91400.0,89200.0,0.975929978118162
150,Gujarat, RAJKOT,Groundnut,306200.0,369000.0,325800.0,0.8829268292682927
151,Gujarat, RAJKOT,Sesamum,19600.0,369000.0,325800.0,0.8829268292682927
152,Gujarat, SABAR KANTHA,Maize,86900.0,288500.0,160300.0,0.555632582322357
153,Gujarat, SABAR KANTHA,Castor seed,73400.0,288500.0,160300.0,0.555632582322357
154,Gujarat, SURAT,Sugarcane,98900.0,210600.0,159600.0,0.7578347578347578
155,Gujarat, SURAT,Rice,60700.0,210600.0,159600.0,0.7578347578347578
156,Gujarat, SURENDRANAGAR,Sesamum,49700.0,161800.0,89400.0,0.5525339925834364
157,Gujarat, SURENDRANAGAR,Castor seed,39700.0,161800.0,89400.0,0.5525339925834364
158,Gujarat, TAPI,Rice,35400.0,92700.0,51800.0,0.5587918015102481
159,Gujarat, TAPI,Arhar/Tur,16400.0,92700.0,51800.0,0.5587918015102481
160,Gujarat, VADODARA,Arhar/Tur,78500.0,250900.0,133600.0,0.5324830609804703
161,Gujarat, VADODARA,Rice,55100.0,250900.0,133600.0,0.5324830609804703
162,Gujarat, VALSAD,Rice,58600.0,94500.0,67900.0,0.7185185185185186
163,Gujarat, VALSAD,Ragi,9300.0,94500.0,67900.0,0.7185185185185186
164,Haryana, AMBALA,Rice,81869.0,95723.0,91477.0,0.955642844457445
165,Haryana, AMBALA,Sugarcane,9608.0,95723.0,91477.0,0.955642844457445
166,Haryana, BHIWANI,Bajra,199982.0,234204.0,221296.0,0.9448856552407303
167,Haryana, BHIWANI,Rice,21314.0,234204.0,221296.0,0.9448856552407303
168,Haryana, FARIDABAD,Rice,9550.0,17125.0,13934.0,0.8136642335766423
169,Haryana, FARIDABAD,Bajra,4384.0,17125.0,13934.0,0.8136642335766423
170,Haryana, FATEHABAD,Rice,87580.0,97892.0,95449.0,0.9750439259592204
171,Haryana, FATEHABAD,Bajra,7869.0,97892.0,95449.0,0.9750439259592204
172,Haryana, GURGAON,Bajra,34026.0,41151.0,39177.0,0.9520303273310491
173,Haryana, GURGAON,Rice,5151.0,41151.0,39177.0,0.9520303273310491
174,Haryana, HISAR,Bajra,56801.0,120691.0,101534.0,0.8412723401082102
175,Haryana, HISAR,Rice,44733.0,120691.0,101534.0,0.8412723401082102
176,Haryana, JHAJJAR,Bajra,45629.0,99264.0,76643.0,0.7721127498388136
177,Haryana, JHAJJAR,Rice,31014.0,99264.0,76643.0,0.7721127498388136
178,Haryana, JIND,Rice,113883.0,160399.0,157084.0,0.9793327888577859
179,Haryana, JIND,Bajra,43201.0,160399.0,157084.0,0.9793327888577859
180,Haryana, KAITHAL,Rice,158671.0,170144.0,167881.0,0.9866995015986458
181,Haryana, KAITHAL,Bajra,9210.0,170144.0,167881.0,0.9866995015986458
182,Haryana, KARNAL,Rice,172698.0,186045.0,184285.0,0.9905399231368754
183,Haryana, KARNAL,Sugarcane,11587.0,186045.0,184285.0,0.9905399231368754
184,Haryana, KURUKSHETRA,Rice,119783.0,138271.0,128234.0,0.9274106645645146
185,Haryana, KURUKSHETRA,Sugarcane,8451.0,138271.0,128234.0,0.9274106645645146
186,Haryana, MAHENDRAGARH,Bajra,111683.0,112283.0,111919.0,0.9967581913557707
187,Haryana, MAHENDRAGARH,Moong(Green Gram),236.0,112283.0,111919.0,0.9967581913557707
188,Haryana, MEWAT,Bajra,26589.0,45792.0,39009.0,0.8518736897274634
189,Haryana, MEWAT,Jowar,12420.0,45792.0,39009.0,0.8518736897274634
190,Haryana, PALWAL,Rice,33070.0,53739.0,42269.0,0.7865609706172426
191,Haryana, PALWAL,Jowar,9199.0,53739.0,42269.0,0.7865609706172426
192,Haryana, PANCHKULA,Rice,9070.0,17489.0,14598.0,0.8346960946880897
193,Haryana, PANCHKULA,Maize,5528.0,17489.0,14598.0,0.8346960946880897
194,Haryana, PANIPAT,Rice,76905.0,83643.0,82732.0,0.9891084729146492
195,Haryana, PANIPAT,Sugarcane,5827.0,83643.0,82732.0,0.9891084729146492
196,Haryana, REWARI,Bajra,66706.0,71152.0,69452.0,0.9761074881942883
197,Haryana, REWARI,Rice,2746.0,71152.0,69452.0,0.9761074881942883
198,Haryana, ROHTAK,Rice,39340.0,95704.0,62093.0,0.6488025578868177
199,Haryana, ROHTAK,Bajra,22753.0,95704.0,62093.0,0.6488025578868177
200,Haryana, SIRSA,Rice,61372.0,72988.0,66885.0,0.9163835150983723
201,Haryana, SIRSA,Bajra,5513.0,72988.0,66885.0,0.9163835150983723
202,Haryana, SONIPAT,Rice,93752.0,125910.0,107053.0,0.850234294337225
203,Haryana, SONIPAT,Bajra,13301.0,125910.0,107053.0,0.850234294337225
204,Haryana, YAMUNANAGAR,Rice,74578.0,103430.0,99969.0,0.9665377550033839
205,Haryana, YAMUNANAGAR,Sugarcane,25391.0,103430.0,99969.0,0.9665377550033839
206,Madhya Pradesh, ALIRAJPUR,Urad,53651.0,171377.0,92119.0,0.5375225380301908
207,Madhya Pradesh, ALIRAJPUR,Maize,38468.0,171377.0,92119.0,0.5375225380301908
208,Madhya Pradesh, ANUPPUR,Rice,97568.0,149189.0,112663.0,0.7551696170629202
209,Madhya Pradesh, ANUPPUR,Small millets,15095.0,149189.0,112663.0,0.7551696170629202
210,Madhya Pradesh, ASHOKNAGAR,Soyabean,65780.0,122802.0,111975.0,0.9118336834904969
211,Madhya Pradesh, ASHOKNAGAR,Urad,46195.0,122802.0,111975.0,0.9118336834904969
212,Madhya Pradesh, BALAGHAT,Rice,247865.0,273008.0,258354.0,0.9463239172478463
213,Madhya Pradesh, BALAGHAT,Small millets,10489.0,273008.0,258354.0,0.9463239172478463
214,Madhya Pradesh, BARWANI,Jowar,43500.0,154629.0,76678.0,0.4958836958138512
215,Madhya Pradesh, BARWANI,Maize,33178.0,154629.0,76678.0,0.4958836958138512
216,Madhya Pradesh, BETUL,Soyabean,229015.0,443968.0,277523.0,0.6250968538273028
217,Madhya Pradesh, BETUL,Maize,48508.0,443968.0,277523.0,0.6250968538273028
218,Madhya Pradesh, BHIND,Bajra,35363.0,63457.0,44746.0,0.7051389129646848
219,Madhya Pradesh, BHIND,Sesamum,9383.0,63457.0,44746.0,0.7051389129646848
220,Madhya Pradesh, BHOPAL,Soyabean,106792.0,114024.0,109474.0,0.9600961201150635
221,Madhya Pradesh, BHOPAL,Maize,2682.0,114024.0,109474.0,0.9600961201150635
222,Madhya Pradesh, BURHANPUR,Soyabean,15113.0,42428.0,26247.0,0.6186244932591685
223,Madhya Pradesh, BURHANPUR,Jowar,11134.0,42428.0,26247.0,0.6186244932591685
224,Madhya Pradesh, CHHATARPUR,Sesamum,76417.0,242276.0,138574.0,0.5719675081312222
225,Madhya Pradesh, CHHATARPUR,Urad,62157.0,242276.0,138574.0,0.5719675081312222
226,Madhya Pradesh, CHHINDWARA,Soyabean,161561.0,420226.0,255940.0,0.6090532237415105
227,Madhya Pradesh, CHHINDWARA,Maize,94379.0,420226.0,255940.0,0.6090532237415105
228,Madhya Pradesh, DAMOH,Arhar/Tur,63818.0,205095.0,125928.0,0.6139983909895415
229,Madhya Pradesh, DAMOH,Soyabean,62110.0,205095.0,125928.0,0.6139983909895415
230,Madhya Pradesh, DATIA,Sesamum,41355.0,77369.0,47102.0,0.6087968049218679
231,Madhya Pradesh, DATIA,Rice,5747.0,77369.0,47102.0,0.6087968049218679
232,Madhya Pradesh, DEWAS,Soyabean,321639.0,353318.0,331354.0,0.9378350381242959
233,Madhya Pradesh, DEWAS,Maize,9715.0,353318.0,331354.0,0.9378350381242959
234,Madhya Pradesh, DHAR,Soyabean,267948.0,371838.0,328715.0,0.8840274528154735
235,Madhya Pradesh, DHAR,Maize,60767.0,371838.0,328715.0,0.8840274528154735
236,Madhya Pradesh, DINDORI,Rice,78412.0,180308.0,120568.0,0.6686780397985669
237,Madhya Pradesh, DINDORI,Small millets,42156.0,180308.0,120568.0,0.6686780397985669
238,Madhya Pradesh, GUNA,Soyabean,212013.0,246414.0,229256.0,0.9303692160348033
239,Madhya Pradesh, GUNA,Maize,17243.0,246414.0,229256.0,0.9303692160348033
240,Madhya Pradesh, GWALIOR,Rice,24474.0,72213.0,45529.0,0.6304820461689723
241,Madhya Pradesh, GWALIOR,Sesamum,21055.0,72213.0,45529.0,0.6304820461689723
242,Madhya Pradesh, HARDA,Soyabean,171507.0,174065.0,172083.0,0.9886134489989372
243,Madhya Pradesh, HARDA,Arhar/Tur,576.0,174065.0,172083.0,0.9886134489989372
244,Madhya Pradesh, HOSHANGABAD,Soyabean,216702.0,256892.0,240421.0,0.9358835619637824
245,Madhya Pradesh, HOSHANGABAD,Rice,23719.0,256892.0,240421.0,0.9358835619637824
246,Madhya Pradesh, INDORE,Soyabean,223079.0,255543.0,244987.0,0.9586918835577574
247,Madhya Pradesh, INDORE,Potato,21908.0,255543.0,244987.0,0.9586918835577574
248,Madhya Pradesh, JABALPUR,Rice,67596.0,137100.0,87346.0,0.6370970094821299
249,Madhya Pradesh, JABALPUR,Arhar/Tur,19750.0,137100.0,87346.0,0.6370970094821299
250,Madhya Pradesh, JHABUA,Maize,67317.0,151744.0,114611.0,0.7552918072543231
251,Madhya Pradesh, JHABUA,Soyabean,47294.0,151744.0,114611.0,0.7552918072543231
252,Madhya Pradesh, KATNI,Rice,83507.0,116166.0,95588.0,0.8228569460943822
253,Madhya Pradesh, KATNI,Arhar/Tur,12081.0,116166.0,95588.0,0.8228569460943822
254,Madhya Pradesh, KHANDWA,Soyabean,165380.0,220579.0,183409.0,0.8314889450038309
255,Madhya Pradesh, KHANDWA,Jowar,18029.0,220579.0,183409.0,0.8314889450038309
256,Madhya Pradesh, KHARGONE,Jowar,55929.0,183877.0,99599.0,0.5416610016478407
257,Madhya Pradesh, KHARGONE,Soyabean,43670.0,183877.0,99599.0,0.5416610016478407
258,Madhya Pradesh, MANDLA,Rice,112720.0,189045.0,149529.0,0.7909704038720939
259,Madhya Pradesh, MANDLA,Small millets,36809.0,189045.0,149529.0,0.7909704038720939
260,Madhya Pradesh, MANDSAUR,Soyabean,261474.0,319852.0,298706.0,0.9338881732801421
261,Madhya Pradesh, MANDSAUR,Maize,37232.0,319852.0,298706.0,0.9338881732801421
262,Madhya Pradesh, MORENA,Bajra,96464.0,118861.0,110086.0,0.9261742707868855
263,Madhya Pradesh, MORENA,Arhar/Tur,13622.0,118861.0,110086.0,0.9261742707868855
264,Madhya Pradesh, NARSINGHPUR,Soyabean,70949.0,177231.0,132557.0,0.7479334879338265
265,Madhya Pradesh, NARSINGHPUR,Arhar/Tur,61608.0,177231.0,132557.0,0.7479334879338265
266,Madhya Pradesh, NEEMUCH,Soyabean,119787.0,160755.0,149479.0,0.9298559920375727
267,Madhya Pradesh, NEEMUCH,Maize,29692.0,160755.0,149479.0,0.9298559920375727
268,Madhya Pradesh, PANNA,Rice,53696.0,130187.0,82231.0,0.6316375674990591
269,Madhya Pradesh, PANNA,Sesamum,28535.0,130187.0,82231.0,0.6316375674990591
270,Madhya Pradesh, RAISEN,Soyabean,143921.0,232543.0,197114.0,0.8476453817143496
271,Madhya Pradesh, RAISEN,Arhar/Tur,53193.0,232543.0,197114.0,0.8476453817143496
272,Madhya Pradesh, RAJGARH,Soyabean,298955.0,389290.0,352617.0,0.9057951655578104
273,Madhya Pradesh, RAJGARH,Maize,53662.0,389290.0,352617.0,0.9057951655578104
274,Madhya Pradesh, RATLAM,Soyabean,210734.0,274471.0,263454.0,0.9598609689183921
275,Madhya Pradesh, RATLAM,Maize,52720.0,274471.0,263454.0,0.9598609689183921
276,Madhya Pradesh, REWA,Rice,102073.0,227153.0,155636.0,0.6851593419413347
277,Madhya Pradesh, REWA,Arhar/Tur,53563.0,227153.0,155636.0,0.6851593419413347
278,Madhya Pradesh, SAGAR,Soyabean,303594.0,359202.0,330126.0,0.919053902817913
279,Madhya Pradesh, SAGAR,Urad,26532.0,359202.0,330126.0,0.919053902817913
280,Madhya Pradesh, SATNA,Rice,71699.0,202371.0,118887.0,0.5874705367863973
281,Madhya Pradesh, SATNA,Arhar/Tur,47188.0,202371.0,118887.0,0.5874705367863973
282,Madhya Pradesh, SEHORE,Soyabean,283858.0,322385.0,298940.0,0.9272763931324348
283,Madhya Pradesh, SEHORE,Maize,15082.0,322385.0,298940.0,0.9272763931324348
284,Madhya Pradesh, SEONI,Soyabean,120161.0,307951.0,236500.0,0.7679793213855451
285,Madhya Pradesh, SEONI,Rice,116339.0,307951.0,236500.0,0.7679793213855451
286,Madhya Pradesh, SHAHDOL,Rice,100909.0,159414.0,115486.0,0.724440764299246
287,Madhya Pradesh, SHAHDOL,Small millets,14577.0,159414.0,115486.0,0.724440764299246
288,Madhya Pradesh, SHAJAPUR,Soyabean,348574.0,418580.0,387627.0,0.92605236752831
289,Madhya Pradesh, SHAJAPUR,Maize,39053.0,418580.0,387627.0,0.92605236752831
290,Madhya Pradesh, SHEOPUR,Sesamum,52409.0,95339.0,69147.0,0.7252750710622096
291,Madhya Pradesh, SHEOPUR,Bajra,16738.0,95339.0,69147.0,0.7252750710622096
292,Madhya Pradesh, SHIVPURI,Soyabean,121592.0,290777.0,204945.0,0.7048184691361421
293,Madhya Pradesh, SHIVPURI,Groundnut,83353.0,290777.0,204945.0,0.7048184691361421
294,Madhya Pradesh, SIDHI,Rice,58194.0,134970.0,86580.0,0.6414758835296732
295,Madhya Pradesh, SIDHI,Arhar/Tur,28386.0,134970.0,86580.0,0.6414758835296732
296,Madhya Pradesh, SINGRAULI,Rice,44338.0,150492.0,74629.0,0.4959001142917896
297,Madhya Pradesh, SINGRAULI,Small millets,30291.0,150492.0,74629.0,0.4959001142917896
298,Madhya Pradesh, TIKAMGARH,Urad,73983.0,193547.0,116100.0,0.5998542989558092
299,Madhya Pradesh, TIKAMGARH,Sesamum,42117.0,193547.0,116100.0,0.5998542989558092
300,Madhya Pradesh, UJJAIN,Soyabean,451762.0,471129.0,458648.0,0.9735083172549345
301,Madhya Pradesh, UJJAIN,Potato,6886.0,471129.0,458648.0,0.9735083172549345
302,Madhya Pradesh, UMARIA,Rice,38127.0,84877.0,51849.0,0.6108722033059604
303,Madhya Pradesh, UMARIA,Small millets,13722.0,84877.0,51849.0,0.6108722033059604
304,Madhya Pradesh, VIDISHA,Soyabean,249232.0,307720.0,294620.0,0.9574288314051735
305,Madhya Pradesh, VIDISHA,Urad,45388.0,307720.0,294620.0,0.9574288314051735
306,Maharashtra, AHMEDNAGAR,Bajra,196000.0,488700.0,322000.0,0.6588909351340291
307,Maharashtra, AHMEDNAGAR,Sugarcane,126000.0,488700.0,322000.0,0.6588909351340291
308,Maharashtra, AKOLA,Soyabean,126600.0,316200.0,188100.0,0.594876660341556
309,Maharashtra, AKOLA,Arhar/Tur,61500.0,316200.0,188100.0,0.594876660341556
310,Maharashtra, AMRAVATI,Soyabean,273300.0,510900.0,392900.0,0.7690350362106088
311,Maharashtra, AMRAVATI,Arhar/Tur,119600.0,510900.0,392900.0,0.7690350362106088
312,Maharashtra, AURANGABAD,Maize,138400.0,351400.0,228200.0,0.649402390438247
313,Maharashtra, AURANGABAD,Bajra,89800.0,351400.0,228200.0,0.649402390438247
314,Maharashtra, BEED,Bajra,122500.0,391600.0,192900.0,0.4925944841675179
315,Maharashtra, BEED,Soyabean,70400.0,391600.0,192900.0,0.4925944841675179
316,Maharashtra, BHANDARA,Rice,181500.0,199100.0,190300.0,0.9558011049723757
317,Maharashtra, BHANDARA,Arhar/Tur,8800.0,199100.0,190300.0,0.9558011049723757
318,Maharashtra, BULDHANA,Soyabean,225500.0,529500.0,302300.0,0.5709159584513692
319,Maharashtra, BULDHANA,Arhar/Tur,76800.0,529500.0,302300.0,0.5709159584513692
320,Maharashtra, CHANDRAPUR,Soyabean,148300.0,305500.0,262600.0,0.8595744680851064
321,Maharashtra, CHANDRAPUR,Rice,114300.0,305500.0,262600.0,0.8595744680851064
322,Maharashtra, DHULE,Bajra,109400.0,279300.0,155400.0,0.556390977443609
323,Maharashtra, DHULE,Maize,46000.0,279300.0,155400.0,0.556390977443609
324,Maharashtra, GADCHIROLI,Rice,156800.0,174200.0,164300.0,0.9431687715269805
325,Maharashtra, GADCHIROLI,Soyabean,7500.0,174200.0,164300.0,0.9431687715269805
326,Maharashtra, GONDIA,Rice,178200.0,185200.0,183500.0,0.9908207343412527
327,Maharashtra, GONDIA,Arhar/Tur,5300.0,185200.0,183500.0,0.9908207343412527
328,Maharashtra, HINGOLI,Soyabean,148300.0,262900.0,189100.0,0.7192848992012172
329,Maharashtra, HINGOLI,Jowar,40800.0,262900.0,189100.0,0.7192848992012172
330,Maharashtra, JALGAON,Jowar,117300.0,375900.0,192300.0,0.5115722266560255
331,Maharashtra, JALGAON,Maize,75000.0,375900.0,192300.0,0.5115722266560255
332,Maharashtra, JALNA,Maize,60800.0,284700.0,113900.0,0.4000702493853179
333,Maharashtra, JALNA,Arhar/Tur,53100.0,284700.0,113900.0,0.4000702493853179
334,Maharashtra, KOLHAPUR,Sugarcane,139900.0,400900.0,251400.0,0.6270890496383138
335,Maharashtra, KOLHAPUR,Rice,111500.0,400900.0,251400.0,0.6270890496383138
336,Maharashtra, LATUR,Soyabean,194500.0,555500.0,318100.0,0.5726372637263727
337,Maharashtra, LATUR,Jowar,123600.0,555500.0,318100.0,0.5726372637263727
338,Maharashtra, NAGPUR,Soyabean,242400.0,394600.0,313800.0,0.7952356817029904
339,Maharashtra, NAGPUR,Rice,71400.0,394600.0,313800.0,0.7952356817029904
340,Maharashtra, NANDED,Soyabean,181200.0,495500.0,307700.0,0.6209889001009081
341,Maharashtra, NANDED,Jowar,126500.0,495500.0,307700.0,0.6209889001009081
342,Maharashtra, NANDURBAR,Soyabean,33100.0,199900.0,61500.0,0.3076538269134567
343,Maharashtra, NANDURBAR,Maize,28400.0,199900.0,61500.0,0.3076538269134567
344,Maharashtra, NASHIK,Bajra,171200.0,587300.0,335300.0,0.5709177592371871
345,Maharashtra, NASHIK,Maize,164100.0,587300.0,335300.0,0.5709177592371871
346,Maharashtra, OSMANABAD,Arhar/Tur,94300.0,413200.0,159500.0,0.3860116166505324
347,Maharashtra, OSMANABAD,Soyabean,65200.0,413200.0,159500.0,0.3860116166505324
348,Maharashtra, PARBHANI,Soyabean,107900.0,333100.0,175500.0,0.526868808165716
349,Maharashtra, PARBHANI,Arhar/Tur,67600.0,333100.0,175500.0,0.526868808165716
350,Maharashtra, PUNE,Sugarcane,111500.0,304600.0,172400.0,0.5659881812212738
351,Maharashtra, PUNE,Rice,60900.0,304600.0,172400.0,0.5659881812212738
352,Maharashtra, RAIGAD,Rice,124600.0,138300.0,135400.0,0.9790310918293564
353,Maharashtra, RAIGAD,Ragi,10800.0,138300.0,135400.0,0.9790310918293564
354,Maharashtra, RATNAGIRI,Rice,78000.0,98800.0,95000.0,0.9615384615384616
355,Maharashtra, RATNAGIRI,Ragi,17000.0,98800.0,95000.0,0.9615384615384616
356,Maharashtra, SANGLI,Jowar,87200.0,406300.0,163500.0,0.4024120108294364
357,Maharashtra, SANGLI,Sugarcane,76300.0,406300.0,163500.0,0.4024120108294364
358,Maharashtra, SATARA,Bajra,75600.0,374900.0,149600.0,0.39903974393171515
359,Maharashtra, SATARA,Sugarcane,74000.0,374900.0,149600.0,0.39903974393171515
360,Maharashtra, SINDHUDURG,Rice,73900.0,79400.0,77100.0,0.9710327455919395
361,Maharashtra, SINDHUDURG,Ragi,3200.0,79400.0,77100.0,0.9710327455919395
362,Maharashtra, SOLAPUR,Sugarcane,163100.0,272700.0,204900.0,0.7513751375137514
363,Maharashtra, SOLAPUR,Arhar/Tur,41800.0,272700.0,204900.0,0.7513751375137514
364,Maharashtra, THANE,Rice,136000.0,163300.0,151800.0,0.9295774647887324
365,Maharashtra, THANE,Ragi,15800.0,163300.0,151800.0,0.9295774647887324
366,Maharashtra, WARDHA,Soyabean,137800.0,214900.0,209300.0,0.9739413680781759
367,Maharashtra, WARDHA,Arhar/Tur,71500.0,214900.0,209300.0,0.9739413680781759
368,Maharashtra, WASHIM,Soyabean,209200.0,366900.0,271700.0,0.7405287544289997
369,Maharashtra, WASHIM,Arhar/Tur,62500.0,366900.0,271700.0,0.7405287544289997
370,Maharashtra, YAVATMAL,Soyabean,198500.0,418800.0,320100.0,0.7643266475644699
371,Maharashtra, YAVATMAL,Arhar/Tur,121600.0,418800.0,320100.0,0.7643266475644699
372,Punjab, AMRITSAR,Rice,186000.0,189000.0,187500.0,0.9920634920634921
373,Punjab, AMRITSAR,Sesamum,1500.0,189000.0,187500.0,0.9920634920634921
374,Punjab, BARNALA,Rice,105000.0,105600.0,105500.0,0.9990530303030303
375,Punjab, BARNALA,Moong(Green Gram),500.0,105600.0,105500.0,0.9990530303030303
376,Punjab, BATHINDA,Rice,107000.0,111800.0,111100.0,0.9937388193202147
377,Punjab, BATHINDA,Guar seed,4100.0,111800.0,111100.0,0.9937388193202147
378,Punjab, FARIDKOT,Rice,101000.0,102200.0,101600.0,0.9941291585127201
379,Punjab, FARIDKOT,Moong(Green Gram),600.0,102200.0,101600.0,0.9941291585127201
380,Punjab, FATEHGARH SAHIB,Rice,87000.0,87000.0,87000.0,1.0
381,Punjab, FIROZEPUR,Rice,258000.0,269900.0,266700.0,0.9881437569470174
382,Punjab, FIROZEPUR,Guar seed,8700.0,269900.0,266700.0,0.9881437569470174
383,Punjab, GURDASPUR,Rice,204000.0,217600.0,215000.0,0.9880514705882353
384,Punjab, GURDASPUR,Maize,11000.0,217600.0,215000.0,0.9880514705882353
385,Punjab, HOSHIARPUR,Rice,73000.0,139000.0,136000.0,0.9784172661870504
386,Punjab, HOSHIARPUR,Maize,63000.0,139000.0,136000.0,0.9784172661870504
387,Punjab, JALANDHAR,Rice,163000.0,173100.0,172000.0,0.9936452917388793
388,Punjab, JALANDHAR,Maize,9000.0,173100.0,172000.0,0.9936452917388793
389,Punjab, KAPURTHALA,Rice,118000.0,120000.0,120000.0,1.0
390,Punjab, KAPURTHALA,Maize,2000.0,120000.0,120000.0,1.0
391,Punjab, LUDHIANA,Rice,257000.0,261400.0,259000.0,0.9908186687069626
392,Punjab, LUDHIANA,Maize,2000.0,261400.0,259000.0,0.9908186687069626
393,Punjab, MANSA,Rice,78000.0,82500.0,81100.0,0.983030303030303
394,Punjab, MANSA,Guar seed,3100.0,82500.0,81100.0,0.983030303030303
395,Punjab, MOGA,Rice,172000.0,173200.0,172700.0,0.9971131639722863
396,Punjab, MOGA,Moong(Green Gram),700.0,173200.0,172700.0,0.9971131639722863
397,Punjab, MUKTSAR,Rice,111000.0,113500.0,112900.0,0.9947136563876652
398,Punjab, MUKTSAR,Guar seed,1900.0,113500.0,112900.0,0.9947136563876652
399,Punjab, NAWANSHAHR,Rice,58000.0,72000.0,72000.0,1.0
400,Punjab, NAWANSHAHR,Maize,14000.0,72000.0,72000.0,1.0
401,Punjab, PATIALA,Rice,234000.0,235000.0,235000.0,1.0
402,Punjab, PATIALA,Maize,1000.0,235000.0,235000.0,1.0
403,Punjab, RUPNAGAR,Rice,38000.0,61700.0,61000.0,0.9886547811993517
404,Punjab, RUPNAGAR,Maize,23000.0,61700.0,61000.0,0.9886547811993517
405,Punjab, SANGRUR,Rice,272000.0,274200.0,273000.0,0.9956236323851203
406,Punjab, SANGRUR,Bajra,1000.0,274200.0,273000.0,0.9956236323851203
407,Punjab, SAS NAGAR,Rice,37000.0,43400.0,43000.0,0.9907834101382489
408,Punjab, SAS NAGAR,Maize,6000.0,43400.0,43000.0,0.9907834101382489
409,Punjab, TARN TARAN,Rice,172000.0,175800.0,173400.0,0.9863481228668942
410,Punjab, TARN TARAN,Sesamum,1400.0,175800.0,173400.0,0.9863481228668942
411,Rajasthan, AJMER,Jowar,160379.0,415645.0,254701.0,0.6127849486941982
412,Rajasthan, AJMER,Bajra,94322.0,415645.0,254701.0,0.6127849486941982
413,Rajasthan, ALWAR,Bajra,273147.0,346055.0,305137.0,0.8817586799786161
414,Rajasthan, ALWAR,Jowar,31990.0,346055.0,305137.0,0.8817586799786161
415,Rajasthan, BANSWARA,Maize,144715.0,215238.0,171742.0,0.7979167247419136
416,Rajasthan, BANSWARA,Rice,27027.0,215238.0,171742.0,0.7979167247419136
417,Rajasthan, BARAN,Soyabean,195086.0,265959.0,231530.0,0.8705477160013385
418,Rajasthan, BARAN,Sesamum,36444.0,265959.0,231530.0,0.8705477160013385
419,Rajasthan, BARMER,Bajra,955029.0,1727222.0,1364126.0,0.7897803524966681
420,Rajasthan, BARMER,Guar seed,409097.0,1727222.0,1364126.0,0.7897803524966681
421,Rajasthan, BHARATPUR,Bajra,122028.0,188865.0,176960.0,0.9369655574087311
422,Rajasthan, BHARATPUR,Jowar,54932.0,188865.0,176960.0,0.9369655574087311
423,Rajasthan, BHILWARA,Maize,202328.0,365177.0,256564.0,0.7025743680461803
424,Rajasthan, BHILWARA,Jowar,54236.0,365177.0,256564.0,0.7025743680461803
425,Rajasthan, BIKANER,Guar seed,876113.0,1553699.0,1201104.0,0.7730609339389418
426,Rajasthan, BIKANER,Moth,324991.0,1553699.0,1201104.0,0.7730609339389418
427,Rajasthan, BUNDI,Soyabean,55169.0,184712.0,103781.0,0.5618530469054528
428,Rajasthan, BUNDI,Maize,48612.0,184712.0,103781.0,0.5618530469054528
429,Rajasthan, CHITTORGARH,Maize,180256.0,262398.0,216571.0,0.8253530895814755
430,Rajasthan, CHITTORGARH,Soyabean,36315.0,262398.0,216571.0,0.8253530895814755
431,Rajasthan, CHURU,Moth,422419.0,1138156.0,825324.0,0.7251413690214699
432,Rajasthan, CHURU,Bajra,402905.0,1138156.0,825324.0,0.7251413690214699
433,Rajasthan, DAUSA,Bajra,140584.0,184941.0,157006.0,0.8489518278802429
434,Rajasthan, DAUSA,Groundnut,16422.0,184941.0,157006.0,0.8489518278802429
435,Rajasthan, DHOLPUR,Bajra,86253.0,97926.0,91472.0,0.9340930907011417
436,Rajasthan, DHOLPUR,Potato,5219.0,97926.0,91472.0,0.9340930907011417
437,Rajasthan, DUNGARPUR,Maize,89065.0,129722.0,102792.0,0.7924022139652488
438,Rajasthan, DUNGARPUR,Rice,13727.0,129722.0,102792.0,0.7924022139652488
439,Rajasthan, GANGANAGAR,Guar seed,182192.0,276178.0,234262.0,0.8482283165205049
440,Rajasthan, GANGANAGAR,Moong(Green Gram),52070.0,276178.0,234262.0,0.8482283165205049
441,Rajasthan, HANUMANGARH,Guar seed,291344.0,549903.0,391538.0,0.7120128459019136
442,Rajasthan, HANUMANGARH,Moth,100194.0,549903.0,391538.0,0.7120128459019136
443,Rajasthan, JAIPUR,Bajra,330657.0,575285.0,411353.0,0.7150421095630861
444,Rajasthan, JAIPUR,Moong(Green Gram),80696.0,575285.0,411353.0,0.7150421095630861
445,Rajasthan, JAISALMER,Guar seed,424326.0,645361.0,615531.0,0.953777808079509
446,Rajasthan, JAISALMER,Bajra,191205.0,645361.0,615531.0,0.953777808079509
447,Rajasthan, JALORE,Bajra,366636.0,639354.0,457020.0,0.7148152666597847
448,Rajasthan, JALORE,Moong(Green Gram),90384.0,639354.0,457020.0,0.7148152666597847
449,Rajasthan, JHALAWAR,Soyabean,240086.0,307053.0,280670.0,0.9140767229110284
450,Rajasthan, JHALAWAR,Maize,40584.0,307053.0,280670.0,0.9140767229110284
451,Rajasthan, JHUNJHUNU,Bajra,286095.0,398805.0,340890.0,0.8547786512205213
452,Rajasthan, JHUNJHUNU,Guar seed,54795.0,398805.0,340890.0,0.8547786512205213
453,Rajasthan, JODHPUR,Bajra,635173.0,1221351.0,824337.0,0.6749386539987277
454,Rajasthan, JODHPUR,Moth,189164.0,1221351.0,824337.0,0.6749386539987277
455,Rajasthan, KARAULI,Bajra,133500.0,156879.0,151223.0,0.96394673601948
456,Rajasthan, KARAULI,Sesamum,17723.0,156879.0,151223.0,0.96394673601948
457,Rajasthan, KOTA,Soyabean,112195.0,208228.0,165888.0,0.7966651939220469
458,Rajasthan, KOTA,Sesamum,53693.0,208228.0,165888.0,0.7966651939220469
459,Rajasthan, NAGAUR,Bajra,517838.0,1201708.0,804137.0,0.6691617264759825
460,Rajasthan, NAGAUR,Moong(Green Gram),286299.0,1201708.0,804137.0,0.6691617264759825
461,Rajasthan, PALI,Jowar,135797.0,515241.0,243332.0,0.47226831715643747
462,Rajasthan, PALI,Moong(Green Gram),107535.0,515241.0,243332.0,0.47226831715643747
463,Rajasthan, PRATAPGARH,Soyabean,101124.0,167124.0,158279.0,0.9470752255810058
464,Rajasthan, PRATAPGARH,Maize,57155.0,167124.0,158279.0,0.9470752255810058
465,Rajasthan, RAJSAMAND,Maize,63620.0,83330.0,71930.0,0.8631945277811113
466,Rajasthan, RAJSAMAND,Jowar,8310.0,83330.0,71930.0,0.8631945277811113
467,Rajasthan, SAWAI MADHOPUR,Bajra,89235.0,135109.0,121758.0,0.9011834888867507
468,Rajasthan, SAWAI MADHOPUR,Sesamum,32523.0,135109.0,121758.0,0.9011834888867507
469,Rajasthan, SIKAR,Bajra,328946.0,497336.0,392689.0,0.7895849083919121
470,Rajasthan, SIKAR,Guar seed,63743.0,497336.0,392689.0,0.7895849083919121
471,Rajasthan, SIROHI,Castor seed,32879.0,135187.0,61827.0,0.4573442712686871
472,Rajasthan, SIROHI,Maize,28948.0,135187.0,61827.0,0.4573442712686871
473,Rajasthan, TONK,Jowar,81399.0,272631.0,152466.0,0.5592394115122639
474,Rajasthan, TONK,Bajra,71067.0,272631.0,152466.0,0.5592394115122639
475,Rajasthan, UDAIPUR,Maize,179380.0,223523.0,191268.0,0.855697176576907
476,Rajasthan, UDAIPUR,Guar seed,11888.0,223523.0,191268.0,0.855697176576907
477,Uttar Pradesh, AGRA,Bajra,121219.0,129840.0,125561.0,0.9670440542205792
478,Uttar Pradesh, AGRA,Rice,4342.0,129840.0,125561.0,0.9670440542205792
479,Uttar Pradesh, ALIGARH,Bajra,92970.0,202360.0,157455.0,0.7780934967384858
480,Uttar Pradesh, ALIGARH,Rice,64485.0,202360.0,157455.0,0.7780934967384858
481,Uttar Pradesh, ALLAHABAD,Rice,141316.0,189392.0,165931.0,0.8761246515164315
482,Uttar Pradesh, ALLAHABAD,Bajra,24615.0,189392.0,165931.0,0.8761246515164315
483,Uttar Pradesh, AMBEDKAR NAGAR,Rice,113002.0,128082.0,124124.0,0.9690979216439468
484,Uttar Pradesh, AMBEDKAR NAGAR,Sugarcane,11122.0,128082.0,124124.0,0.9690979216439468
485,Uttar Pradesh, AMETHI,Rice,113314.0,124975.0,119469.0,0.9559431886377275
486,Uttar Pradesh, AMETHI,Urad,6155.0,124975.0,119469.0,0.9559431886377275
487,Uttar Pradesh, AMROHA,Sugarcane,73251.0,107777.0,97606.0,0.9056292158809394
488,Uttar Pradesh, AMROHA,Rice,24355.0,107777.0,97606.0,0.9056292158809394
489,Uttar Pradesh, AURAIYA,Rice,37124.0,89378.0,72406.0,0.8101098704379154
490,Uttar Pradesh, AURAIYA,Bajra,35282.0,89378.0,72406.0,0.8101098704379154
491,Uttar Pradesh, AZAMGARH,Rice,203577.0,238823.0,222781.0,0.9328289151379893
492,Uttar Pradesh, AZAMGARH,Sugarcane,19204.0,238823.0,222781.0,0.9328289151379893
493,Uttar Pradesh, BAGHPAT,Sugarcane,72926.0,79522.0,77501.0,0.9745856492542944
494,Uttar Pradesh, BAGHPAT,Rice,4575.0,79522.0,77501.0,0.9745856492542944
495,Uttar Pradesh, BAHRAICH,Rice,159111.0,266910.0,237879.0,0.8912329998876025
496,Uttar Pradesh, BAHRAICH,Maize,78768.0,266910.0,237879.0,0.8912329998876025
497,Uttar Pradesh, BALLIA,Rice,108568.0,151816.0,136181.0,0.8970134900142277
498,Uttar Pradesh, BALLIA,Maize,27613.0,151816.0,136181.0,0.8970134900142277
499,Uttar Pradesh, BALRAMPUR,Rice,105641.0,175118.0,157913.0,0.9017519615345082
500,Uttar Pradesh, BALRAMPUR,Sugarcane,52272.0,175118.0,157913.0,0.9017519615345082
501,Uttar Pradesh, BANDA,Rice,47536.0,127181.0,76093.0,0.5983047782294525
502,Uttar Pradesh, BANDA,Jowar,28557.0,127181.0,76093.0,0.5983047782294525
503,Uttar Pradesh, BARABANKI,Rice,176864.0,205621.0,185919.0,0.9041829385130896
504,Uttar Pradesh, BARABANKI,Urad,9055.0,205621.0,185919.0,0.9041829385130896
505,Uttar Pradesh, BAREILLY,Rice,163015.0,254859.0,238041.0,0.9340105705507752
506,Uttar Pradesh, BAREILLY,Sugarcane,75026.0,254859.0,238041.0,0.9340105705507752
507,Uttar Pradesh, BASTI,Rice,102314.0,143774.0,135810.0,0.9446075090071918
508,Uttar Pradesh, BASTI,Sugarcane,33496.0,143774.0,135810.0,0.9446075090071918
509,Uttar Pradesh, BIJNOR,Sugarcane,224907.0,284018.0,280723.0,0.9883986226225099
510,Uttar Pradesh, BIJNOR,Rice,55816.0,284018.0,280723.0,0.9883986226225099
511,Uttar Pradesh, BUDAUN,Bajra,146570.0,299152.0,230881.0,0.7717849120179708
512,Uttar Pradesh, BUDAUN,Rice,84311.0,299152.0,230881.0,0.7717849120179708
513,Uttar Pradesh, BULANDSHAHR,Rice,74827.0,200409.0,127405.0,0.6357249424926026
514,Uttar Pradesh, BULANDSHAHR,Sugarcane,52578.0,200409.0,127405.0,0.6357249424926026
515,Uttar Pradesh, CHANDAULI,Rice,98325.0,108070.0,103431.0,0.9570741186268159
516,Uttar Pradesh, CHANDAULI,Bajra,5106.0,108070.0,103431.0,0.9570741186268159
517,Uttar Pradesh, CHITRAKOOT,Arhar/Tur,15970.0,58595.0,31554.0,0.538510111784282
518,Uttar Pradesh, CHITRAKOOT,Jowar,15584.0,58595.0,31554.0,0.538510111784282
519,Uttar Pradesh, DEORIA,Rice,128344.0,151267.0,138500.0,0.9155995689740657
520,Uttar Pradesh, DEORIA,Sugarcane,10156.0,151267.0,138500.0,0.9155995689740657
521,Uttar Pradesh, ETAH,Bajra,40510.0,88111.0,62333.0,0.7074372098829885
522,Uttar Pradesh, ETAH,Rice,21823.0,88111.0,62333.0,0.7074372098829885
523,Uttar Pradesh, ETAWAH,Rice,43727.0,91309.0,79754.0,0.8734516860331402
524,Uttar Pradesh, ETAWAH,Bajra,36027.0,91309.0,79754.0,0.8734516860331402
525,Uttar Pradesh, FAIZABAD,Rice,97099.0,124523.0,116648.0,0.9367586710888751
526,Uttar Pradesh, FAIZABAD,Sugarcane,19549.0,124523.0,116648.0,0.9367586710888751
527,Uttar Pradesh, FARRUKHABAD,Maize,33695.0,68590.0,48658.0,0.7094037031637265
528,Uttar Pradesh, FARRUKHABAD,Rice,14963.0,68590.0,48658.0,0.7094037031637265
529,Uttar Pradesh, FATEHPUR,Rice,63527.0,131023.0,85030.0,0.6489700281629943
530,Uttar Pradesh, FATEHPUR,Arhar/Tur,21503.0,131023.0,85030.0,0.6489700281629943
531,Uttar Pradesh, FIROZABAD,Bajra,67199.0,97823.0,87118.0,0.8905676579127608
532,Uttar Pradesh, FIROZABAD,Rice,19919.0,97823.0,87118.0,0.8905676579127608
533,Uttar Pradesh, GAUTAM BUDDHA NAGAR,Rice,23459.0,30181.0,25803.0,0.8549418508333058
534,Uttar Pradesh, GAUTAM BUDDHA NAGAR,Bajra,2344.0,30181.0,25803.0,0.8549418508333058
535,Uttar Pradesh, GHAZIABAD,Sugarcane,56546.0,91692.0,86648.0,0.944989748287746
536,Uttar Pradesh, GHAZIABAD,Rice,30102.0,91692.0,86648.0,0.944989748287746
537,Uttar Pradesh, GHAZIPUR,Rice,149321.0,182733.0,164654.0,0.9010633000060198
538,Uttar Pradesh, GHAZIPUR,Bajra,15333.0,182733.0,164654.0,0.9010633000060198
539,Uttar Pradesh, GONDA,Rice,117388.0,244723.0,187425.0,0.7658658973615067
540,Uttar Pradesh, GONDA,Sugarcane,70037.0,244723.0,187425.0,0.7658658973615067
541,Uttar Pradesh, GORAKHPUR,Rice,153977.0,168623.0,158943.0,0.9425938335814212
542,Uttar Pradesh, GORAKHPUR,Arhar/Tur,4966.0,168623.0,158943.0,0.9425938335814212
543,Uttar Pradesh, HAMIRPUR,Sesamum,34529.0,111294.0,61463.0,0.5522579833593905
544,Uttar Pradesh, HAMIRPUR,Urad,26934.0,111294.0,61463.0,0.5522579833593905
545,Uttar Pradesh, HARDOI,Rice,130217.0,272468.0,171268.0,0.628580236945256
546,Uttar Pradesh, HARDOI,Maize,41051.0,272468.0,171268.0,0.628580236945256
547,Uttar Pradesh, HATHRAS,Bajra,45450.0,71531.0,62608.0,0.8752568816317401
548,Uttar Pradesh, HATHRAS,Rice,17158.0,71531.0,62608.0,0.8752568816317401
549,Uttar Pradesh, JALAUN,Sesamum,49714.0,91914.0,65397.0,0.7115020562699915
550,Uttar Pradesh, JALAUN,Bajra,15683.0,91914.0,65397.0,0.7115020562699915
551,Uttar Pradesh, JAUNPUR,Rice,139885.0,217519.0,183068.0,0.8416184333322606
552,Uttar Pradesh, JAUNPUR,Maize,43183.0,217519.0,183068.0,0.8416184333322606
553,Uttar Pradesh, JHANSI,Sesamum,76589.0,144655.0,110212.0,0.7618955445715668
554,Uttar Pradesh, JHANSI,Urad,33623.0,144655.0,110212.0,0.7618955445715668
555,Uttar Pradesh, KANNAUJ,Maize,37712.0,63551.0,53100.0,0.8355494012682727
556,Uttar Pradesh, KANNAUJ,Rice,15388.0,63551.0,53100.0,0.8355494012682727
557,Uttar Pradesh, KANPUR DEHAT,Rice,43449.0,105937.0,61155.0,0.5772770608946827
558,Uttar Pradesh, KANPUR DEHAT,Bajra,17706.0,105937.0,61155.0,0.5772770608946827
559,Uttar Pradesh, KANPUR NAGAR,Rice,31353.0,84581.0,51487.0,0.6087300930469017
560,Uttar Pradesh, KANPUR NAGAR,Maize,20134.0,84581.0,51487.0,0.6087300930469017
561,Uttar Pradesh, KASGANJ,Bajra,35149.0,95123.0,62826.0,0.6604711794203295
562,Uttar Pradesh, KASGANJ,Maize,27677.0,95123.0,62826.0,0.6604711794203295
563,Uttar Pradesh, KAUSHAMBI,Rice,40103.0,76253.0,51764.0,0.6788454224751813
564,Uttar Pradesh, KAUSHAMBI,Bajra,11661.0,76253.0,51764.0,0.6788454224751813
565,Uttar Pradesh, KHERI,Sugarcane,232123.0,440402.0,413799.0,0.9395938256411188
566,Uttar Pradesh, KHERI,Rice,181676.0,440402.0,413799.0,0.9395938256411188
567,Uttar Pradesh, KUSHI NAGAR,Rice,125415.0,202597.0,198558.0,0.980063870639743
568,Uttar Pradesh, KUSHI NAGAR,Sugarcane,73143.0,202597.0,198558.0,0.980063870639743
569,Uttar Pradesh, LALITPUR,Urad,157281.0,241621.0,195547.0,0.8093129322368503
570,Uttar Pradesh, LALITPUR,Maize,38266.0,241621.0,195547.0,0.8093129322368503
571,Uttar Pradesh, LUCKNOW,Rice,48833.0,61791.0,55065.0,0.891149196484925
572,Uttar Pradesh, LUCKNOW,Urad,6232.0,61791.0,55065.0,0.891149196484925
573,Uttar Pradesh, MAHARAJGANJ,Rice,167451.0,187748.0,186083.0,0.9911317297654303
574,Uttar Pradesh, MAHARAJGANJ,Sugarcane,18632.0,187748.0,186083.0,0.9911317297654303
575,Uttar Pradesh, MAHOBA,Urad,47995.0,99339.0,74750.0,0.752473852162796
576,Uttar Pradesh, MAHOBA,Sesamum,26755.0,99339.0,74750.0,0.752473852162796
577,Uttar Pradesh, MAINPURI,Rice,49602.0,106852.0,82423.0,0.7713753603114588
578,Uttar Pradesh, MAINPURI,Maize,32821.0,106852.0,82423.0,0.7713753603114588
579,Uttar Pradesh, MATHURA,Rice,47142.0,98804.0,89862.0,0.9094975911906401
580,Uttar Pradesh, MATHURA,Bajra,42720.0,98804.0,89862.0,0.9094975911906401
581,Uttar Pradesh, MAU,Rice,84040.0,94466.0,90913.0,0.9623885842525353
582,Uttar Pradesh, MAU,Sugarcane,6873.0,94466.0,90913.0,0.9623885842525353
583,Uttar Pradesh, MEERUT,Sugarcane,129711.0,149592.0,147316.0,0.9847852826354351
584,Uttar Pradesh, MEERUT,Rice,17605.0,149592.0,147316.0,0.9847852826354351
585,Uttar Pradesh, MIRZAPUR,Rice,64224.0,99212.0,77287.0,0.7790085876708462
586,Uttar Pradesh, MIRZAPUR,Arhar/Tur,13063.0,99212.0,77287.0,0.7790085876708462
587,Uttar Pradesh, MORADABAD,Rice,125006.0,257570.0,196312.0,0.7621695073183988
588,Uttar Pradesh, MORADABAD,Sugarcane,71306.0,257570.0,196312.0,0.7621695073183988
589,Uttar Pradesh, MUZAFFARNAGAR,Sugarcane,231873.0,270454.0,269001.0,0.9946275521900212
590,Uttar Pradesh, MUZAFFARNAGAR,Rice,37128.0,270454.0,269001.0,0.9946275521900212
591,Uttar Pradesh, PILIBHIT,Rice,149172.0,206968.0,205355.0,0.9922065246801438
592,Uttar Pradesh, PILIBHIT,Sugarcane,56183.0,206968.0,205355.0,0.9922065246801438
593,Uttar Pradesh, PRATAPGARH,Rice,96664.0,124976.0,107523.0,0.8603491870439124
594,Uttar Pradesh, PRATAPGARH,Bajra,10859.0,124976.0,107523.0,0.8603491870439124
595,Uttar Pradesh, RAE BARELI,Rice,80776.0,113611.0,91412.0,0.8046051878779343
596,Uttar Pradesh, RAE BARELI,Urad,10636.0,113611.0,91412.0,0.8046051878779343
597,Uttar Pradesh, RAMPUR,Rice,140906.0,170895.0,165549.0,0.968717633634688
598,Uttar Pradesh, RAMPUR,Sugarcane,24643.0,170895.0,165549.0,0.968717633634688
599,Uttar Pradesh, SAHARANPUR,Sugarcane,142703.0,209055.0,197533.0,0.9448853172610079
600,Uttar Pradesh, SAHARANPUR,Rice,54830.0,209055.0,197533.0,0.9448853172610079
601,Uttar Pradesh, SANT KABEER NAGAR,Rice,90035.0,99725.0,93912.0,0.941709701679619
602,Uttar Pradesh, SANT KABEER NAGAR,Sugarcane,3877.0,99725.0,93912.0,0.941709701679619
603,Uttar Pradesh, SANT RAVIDAS NAGAR,Rice,22116.0,39328.0,31513.0,0.8012866151342555
604,Uttar Pradesh, SANT RAVIDAS NAGAR,Bajra,9397.0,39328.0,31513.0,0.8012866151342555
605,Uttar Pradesh, SHAHJAHANPUR,Rice,211075.0,284996.0,256654.0,0.9005529902174065
606,Uttar Pradesh, SHAHJAHANPUR,Sugarcane,45579.0,284996.0,256654.0,0.9005529902174065
607,Uttar Pradesh, SHRAVASTI,Rice,71137.0,97965.0,87277.0,0.8908998111570459
608,Uttar Pradesh, SHRAVASTI,Maize,16140.0,97965.0,87277.0,0.8908998111570459
609,Uttar Pradesh, SIDDHARTH NAGAR,Rice,175157.0,180339.0,177500.0,0.9842574262915953
610,Uttar Pradesh, SIDDHARTH NAGAR,Sugarcane,2343.0,180339.0,177500.0,0.9842574262915953
611,Uttar Pradesh, SITAPUR,Rice,156947.0,322315.0,277214.0,0.8600716690194375
612,Uttar Pradesh, SITAPUR,Sugarcane,120267.0,322315.0,277214.0,0.8600716690194375
613,Uttar Pradesh, SONBHADRA,Rice,27442.0,69035.0,40797.0,0.5909611066850149
614,Uttar Pradesh, SONBHADRA,Maize,13355.0,69035.0,40797.0,0.5909611066850149
615,Uttar Pradesh, SULTANPUR,Rice,90048.0,122433.0,100188.0,0.8183087892970032
616,Uttar Pradesh, SULTANPUR,Sugarcane,10140.0,122433.0,100188.0,0.8183087892970032
617,Uttar Pradesh, UNNAO,Rice,81000.0,163040.0,109135.0,0.669375613346418
618,Uttar Pradesh, UNNAO,Maize,28135.0,163040.0,109135.0,0.669375613346418
619,Uttar Pradesh, VARANASI,Rice,42021.0,64753.0,47647.0,0.7358269114944481
620,Uttar Pradesh, VARANASI,Bajra,5626.0,64753.0,47647.0,0.7358269114944481
